{"data": [[2.57, 4.43699476678625, 10000.0, 0, "clouds", 3.0, 0.0, 18.388888888888886, 69.0], [0.0, 0.0, 1002.71, 18.0, 69.0, 0], "set temp=291\n    set tempc=18\n    set windspeed=2\n    set windgust=4\n    set pressure=0\n    set humidity=69\n    set weather=clouds\n    set modifier=3", 8, 10], "dateArray": [2022, 11, 11, 11, 10, 26]}