{"data": [[5.215556459999999, 10.361916759067675, 15000, 0.0, "clear", 0, 0.0, 12.11111111111111, 62.0], [0.0, 0.0, 1004.4, 12.0, 62.0, 0], "set temp=285\n    set tempc=12\n    set windspeed=5\n    set windgust=10\n    set pressure=0\n    set humidity=62\n    set weather=clear\n    set modifier=0", 7, 12], "dateArray": [2022, 6, 1, 9, 12, 42]}