{"data": [[1.7174918200000002, 3.702705784130205, 15000, 0.0, "clear", 0, 0.0, 19.72222222222222, 46.0], [0.0, 0.0, 1000.0, 18.0, 48.0, 0], "set temp=292\n    set tempc=19\n    set windspeed=1\n    set windgust=3\n    set pressure=0\n    set humidity=46\n    set weather=clear\n    set modifier=0", 52, 53], "dateArray": [2022, 9, 19, 11, 53, 58]}