{"data": [[9.804780240000003, 16.66483641812024, 10000.0, 0, "lightrain", 3.0, 0.0, 6.009999999999991, 60.0], [0.0, 0.0, 988.15, 10.0, 60.0, 0], "set temp=283\n    set tempc=10\n    set windspeed=9\n    set windgust=16\n    set pressure=0\n    set humidity=60\n    set weather=lightrain\n    set modifier=3", 4, 6], "dateArray": [2022, 12, 1, 12, 6, 57]}