{"data": [[7.4175611199999985, 12.572931747864985, 15000, 0.0, "clear", 0, 0.0, 15.388888888888891, 89.0], [0.0, 99.1, 997.29, 15.0, 89.0, 0], "set temp=288\n    set tempc=15\n    set windspeed=7\n    set windgust=12\n    set pressure=0\n    set humidity=89\n    set weather=clear\n    set modifier=0", 2, 2], "dateArray": [2022, 9, 20, 20, 2, 56]}