{"data": [[3.7544131199999997, 7.585107779410865, 15000, 0.0, "clear", 0, 0.0, 21.500000000000004, 84.0], [0.0, 43.2, 992.21, 22.0, 84.0, 0], "set temp=294\n    set tempc=21\n    set windspeed=3\n    set windgust=7\n    set pressure=0\n    set humidity=84\n    set weather=clear\n    set modifier=0", 7, 14], "dateArray": [2022, 10, 21, 15, 14, 39]}