{"data": [[10.8, 16.46, 3219.0, 0, "rain", 2.0, 0.0, 11.722222222222223, 88.0], [0.0, 233.70000000000002, 973.25, 12.0, 88.0, 0], "set temp=284\n    set tempc=11\n    set windspeed=10\n    set windgust=16\n    set pressure=0\n    set humidity=88\n    set weather=rain\n    set modifier=2", 48, 48], "dateArray": [2022, 9, 23, 20, 48, 56]}