{"data": [[9.218265639999997, 14.835383743624954, 15000, 0.0, "clear", 0, 0.0, 14.38888888888889, 87.0], [0.0, 91.4, 998.31, 14.0, 87.0, 0], "set temp=287\n    set tempc=14\n    set windspeed=9\n    set windgust=14\n    set pressure=0\n    set humidity=87\n    set weather=clear\n    set modifier=0", 30, 43], "dateArray": [2022, 9, 20, 15, 43, 17]}