{"data": [[3.7029644000000004, 7.5909781333313076, 15000, 0.0, "clear", 0, 0.0, 21.0, 84.0], [0.0, 43.2, 992.21, 21.0, 84.0, 0], "set temp=294\n    set tempc=21\n    set windspeed=3\n    set windgust=7\n    set pressure=0\n    set humidity=84\n    set weather=clear\n    set modifier=0", 7, 8], "dateArray": [2022, 10, 21, 15, 8, 26]}