{"list": [{"name": "Mr. Penis", "type": 4, "details": {"activity": [10, 10, 9, 4, 1, 0, 10, 10, 2, 8, 10, 10], "hatrid": 0, "love": 10, "voice": [1.4441737328663464, 8.776564559683385, 0.07029592593583422], "memmories": [[[0, 0, 0, 0, 0, 0], [120, 140]]], "completedMemmories": {}}}, {"name": "Markus Lemke", "type": 0, "details": {"activity": [2.632246255317513, 6.886214924824696, 1.1173199716510007, 3.466711203581534, 8.690539079582171, 6.09924654993378, 2.7432748218245875, 4.70947305736828, 2.566091559486847, 0.9079303080113676, 9.5556288202247, 9.57441796017757], "hatrid": 0.0, "love": 5.480260640404548, "voice": [1.3178680881884794, 5.153254295173989, 0.8456626425313608], "memmories": [[[1991, 2, 20, 21, 44, 36], [331.2484911898244, 267.15059883901887]], [[1991, 5, 26, 7, 44, 0], [76.19352350832715, 360.434590214716]], [[1991, 11, 29, 21, 32, 31], [164.64168092223846, 77.79296929468138]], [[1991, 7, 4, 20, 59, 3], [210.46405212420729, 34.00202114673739]], [[1991, 7, 14, 12, 30, 53], [31.22257449319828, 124.44701752634589]], [[1991, 5, 21, 23, 22, 19], [108.8663360674381, 132.49458921567057]], [[1991, 4, 26, 4, 50, 22], [420.31036472238213, 33.587010945866595]]], "completedMemmories": {}}, "dateAdded": [2022, 9, 19, 11, 37, 41], "halfLife": 63792342510.198074}, {"name": "Brycen Langosh", "type": 1, "details": {"activity": [4.346601211838036, 1.5528115287113577, 3.991071171823462, 3.3250639811425318, 1.4380088969794513, 9.585564435545923, 5.04336121226583, 4.258594823939417, 2.3360277925631108, 3.02098389965502, 6.177641867509064, 3.0583512402529145], "hatrid": 2.156093213058743, "love": 1.1733689338359183, "voice": [0.8233472055261248, 13.184941675726165, 0.7198875642032504], "memmories": [[[1987, 3, 27, 12, 38, 29], [87.31862062446457, 372.1660210828836]], [[1984, 10, 12, 17, 19, 12], [101.26968874930624, 90.9359674467551]], [[1988, 4, 23, 18, 21, 58], [250.09651537011567, 209.37422717561114]], [[1988, 4, 2, 12, 22, 37], [51.5108091652108, 20.58017095092328]], [[1977, 2, 6, 5, 54, 42], [386.3048707219259, 68.40386206383803]], [[1990, 4, 20, 22, 46, 17], [233.6758978390711, 13.47808203010691]]], "completedMemmories": {}}, "dateAdded": [2022, 10, 21, 14, 52, 8], "halfLife": 63793329330.72693}, {"name": "Mrs. Monica Koepp", "type": 1, "details": {"activity": [0.6707233833128756, 0.6158793039280213, 6.375531059651044, 2.5136408957268914, 4.380836120017534, 7.189718328443746, 9.487630068517085, 3.524792441879294, 8.557400272415912, 7.3942242581258295, 6.667448576053072, 2.8895150114288892], "hatrid": 0.16088159089185705, "love": 0.5411952991987918, "voice": [0.6486761131430188, 13.466630581805024, 0.5587106498027118], "memmories": [[[1973, 1, 29, 20, 21, 58], [200.0925496395824, 122.9229087614676]], [[1988, 4, 7, 17, 29, 44], [158.92258807085986, 246.74508596441228]], [[1990, 10, 13, 13, 59, 22], [93.16475792441311, 376.31063382327585]], [[1964, 7, 4, 17, 46, 29], [92.28218464026591, 292.77375789314226]], [[2012, 9, 22, 7, 36, 35], [423.38116221482215, 328.41887826830236]]], "completedMemmories": {}}, "dateAdded": [2022, 10, 21, 14, 52, 10], "halfLife": 63794930678.3822}, {"name": "Everette Becker", "type": 1, "details": {"activity": [3.3058436833239164, 4.435641716329802, 4.073581527669845, 7.667602243055524, 3.225153827554618, 5.617120523773689, 2.3410112968787935, 8.64494510041255, 8.0086999755357, 0.7142810692723929, 1.9779835775885095, 5.9578233282111706], "hatrid": 0.6409042926452102, "love": 3.377981952700966, "voice": [1.5862748998932874, 5.620530814844775, 0.5154320847525958], "memmories": [[[1997, 4, 2, 11, 16, 47], [323.96634372344704, 37.200213352620544]], [[1996, 7, 1, 22, 33, 5], [363.1212532835307, 97.33951182619082]], [[1996, 11, 21, 12, 59, 6], [340.6424731826517, 0.8117259961361084]], [[1996, 7, 17, 8, 57, 16], [245.40761859956825, 228.34580320005782]], [[2001, 11, 27, 17, 29, 26], [386.7944085431017, 74.19388113677613]]], "completedMemmories": {}}, "dateAdded": [2022, 10, 21, 14, 52, 11], "halfLife": 63796750854.00385}, {"name": "Linda Pfeffer", "type": 1, "details": {"activity": [1.6128765059199712, 3.0220037675449802, 4.904342818426972, 2.4301199468290324, 4.1612669137885945, 7.727516461003906, 8.834987311205785, 3.628320785939594, 3.539580482281388, 4.8104133924759385, 5.203613358785287, 3.5648554740699305], "hatrid": 4.3820907781523335, "love": 7.600752658021714, "voice": [1.039913633884309, 7.82721308355857, 0.19686571520659513], "memmories": [[[1995, 3, 12, 22, 29, 41], [47.24193282452285, 44.12059693400798]], [[1993, 2, 1, 1, 17, 51], [407.5084750883313, 160.60171889492193]], [[1986, 3, 25, 19, 49, 28], [4.597237743343816, 89.86535928403644]], [[1996, 8, 26, 11, 9, 53], [329.0394264323824, 358.7676833228325]], [[1985, 12, 4, 15, 53, 45], [87.16083431407112, 28.449278001429178]], [[1999, 9, 26, 14, 11, 20], [169.43070495530026, 377.3991052320209]]], "completedMemmories": {}}, "dateAdded": [2022, 10, 21, 14, 52, 13], "halfLife": 63797556711.9899}, {"name": "Andreanne Paucek", "type": 1, "details": {"activity": [2.604408558033804, 1.206479024821429, 5.5437958810939785, 4.312740484050318, 4.256201269265664, 3.78627689909965, 9.938405412000753, 3.058794260647363, 0.41535954114554086, 7.794897150026912, 6.114085256333182, 0.6176966119565055], "hatrid": 8.770812164694327, "love": 5.145940448739075, "voice": [0.4989714850587891, 4.28512027059994, 0.011115654567213529], "memmories": [[[2001, 6, 6, 15, 50, 30], [407.6988389285089, 375.67403397693795]], [[2012, 4, 13, 7, 58, 56], [56.48453470958757, 73.32055867602932]], [[1999, 3, 19, 13, 6, 49], [106.69361103362775, 117.79496689936808]], [[2019, 7, 17, 17, 30, 11], [79.2302248698366, 348.2847560185188]]], "completedMemmories": {}}, "dateAdded": [2022, 10, 21, 14, 52, 13], "halfLife": 63795868613.45062}, {"name": "Lorine McKenzie V", "type": 0, "details": {"activity": [6.169023381474911, 2.0178206554597677, 2.4184686897916974, 4.2948463566334185, 1.5764816785081537, 5.4393960363736085, 1.5188146780658185, 1.8205437410162806, 7.096646362376436, 2.859652223831135, 0.30399891186674965, 7.310543119674228], "hatrid": 0.0, "love": 9.566423624855528, "voice": [1.5757788800278554, 6.480673113033557, 0.9504727550000184], "memmories": [[[2003, 11, 27, 3, 10, 57], [402.3285563923691, 123.69698433234697]], [[2008, 7, 18, 12, 52, 16], [91.34557581633895, 235.78523832826275]], [[2005, 11, 24, 8, 30, 58], [210.51580956389415, 151.85906351420007]], [[2008, 3, 18, 15, 14, 14], [258.4849018813134, 249.86128690570578]], [[2006, 8, 12, 3, 16, 9], [137.07200676245765, 382.4525436522723]], [[2007, 4, 28, 17, 13, 51], [228.3640687641202, 341.4860966125632]], [[2007, 11, 1, 9, 3, 26], [392.8287394394543, 102.01170050250401]], [[2003, 10, 12, 7, 31, 57], [74.32228233515423, 298.15717899929666]], [[2009, 2, 16, 7, 33, 50], [44.10169925845617, 294.8800137587416]]], "completedMemmories": {}}, "dateAdded": [2022, 10, 21, 14, 52, 15], "halfLife": 63794493755.61007}, {"name": "Dr. Newton Toy", "type": 3, "details": {"activity": [4.947767999054761, 0.4966026607312286, 0.07495364909874058, 0.07702696352801541, 0.0, 0.0, 0.0, 0.0, 0.0, 0.983292599986473, 0.24067147372491504, 1.5248043545534118], "hatrid": 2.4712155914527845, "love": 3.265869317664875, "voice": [0.5952310127647766, 13.771377891936588, 0.9879716605040354], "memmories": [[[1996, 7, 6, 17, 10, 21], [415.76662455699625, 298.2403825693286]], [[1995, 9, 13, 0, 6, 37], [115.96914790379833, 120.7259714634234]], [[1991, 11, 12, 15, 33, 3], [240.02294102616534, 344.06872908652605]], [[1996, 6, 15, 17, 23, 56], [192.81732165317771, 219.07619597711147]], [[1984, 10, 15, 7, 25, 36], [61.41341793156772, 194.25276526650129]], [[1988, 8, 1, 14, 5, 6], [347.2480900158061, 104.19666458395817]], [[1999, 6, 11, 17, 43, 32], [449.9095660106722, 348.220037228138]], [[1991, 3, 22, 7, 26, 16], [34.96358129801853, 41.73074435757419]], [[1981, 10, 1, 15, 48, 59], [108.43946086635681, 384.8537393807572]], [[2006, 2, 6, 19, 51, 45], [197.06588710409517, 178.2099631881999]]],