{"list": [{"name": "Mr. Penis", "type": 4, "details": {"activity": [10, 10, 9, 4, 1, 0, 10, 10, 2, 8, 10, 10], "hatrid": 0, "love": 10, "voice": [1.4441737328663464, 8.776564559683385, 0.07029592593583422], "memmories": [[[0, 0, 0, 0, 0, 0], [120, 140]]], "completedMemmories": {}}}, {"name": "Markus Lemke", "type": 0, "details": {"activity": [2.632246255317513, 6.886214924824696, 1.1173199716510007, 3.466711203581534, 8.690539079582171, 6.09924654993378, 2.7432748218245875, 4.70947305736828, 2.566091559486847, 0.9079303080113676, 9.5556288202247, 9.57441796017757], "hatrid": 0.0, "love": 5.480260640404548, "voice": [1.3178680881884794, 5.153254295173989, 0.8456626425313608], "memmories": [[[1991, 2, 20, 21, 44, 36], [331.2484911898244, 267.15059883901887]], [[1991, 5, 26, 7, 44, 0], [76.19352350832715, 360.434590214716]], [[1991, 11, 29, 21, 32, 31], [164.64168092223846, 77.79296929468138]], [[1991, 7, 4, 20, 59, 3], [210.46405212420729, 34.00202114673739]], [[1991, 7, 14, 12, 30, 53], [31.22257449319828, 124.44701752634589]], [[1991, 5, 21, 23, 22, 19], [108.8663360674381, 132.49458921567057]], [[1991, 4, 26, 4, 50, 22], [420.31036472238213, 33.587010945866595]]], "completedMemmories": {}}, "dateAdded": [2022, 9, 19, 11, 37, 41], "halfLife": 63792342510.198074}, {"name": "Brycen Langosh", "type": 1, "details": {"activity": [4.346601211838036, 1.5528115287113577, 3.991071171823462, 3.3250639811425318, 1.4380088969794513, 9.585564435545923, 5.04336121226583, 4.258594823939417, 2.3360277925631108, 3.02098389965502, 6.177641867509064, 3.0583512402529145], "hatrid": 2.156093213058743, "love": 1.1733689338359183, "voice": [0.8233472055261248, 13.184941675726165, 0.7198875642032504], "memmories": [[[1987, 3, 27, 12, 38, 29], [87.31862062446457, 372.1660210828836]], [[1984, 10, 12, 17, 19, 12], [101.26968874930624, 90.9359674467551]], [[1988, 4, 23, 18, 21, 58], [250.09651537011567, 209.37422717561114]], [[1988, 4, 2, 12, 22, 37], [51.5108091652108, 20.58017095092328]], [[1977, 2, 6, 5, 54, 42], [386.3048707219259, 68.40386206383803]], [[1990, 4, 20, 22, 46, 17], [233.6758978390711, 13.47808203010691]]], "completedMemmories": {}}, "dateAdded": [2022, 10, 21, 14, 52, 8], "halfLife": 63793329330.72693}, {"name": "Aidan Glover", "type": 2, "details": {"activity": [5.1235965287247005, 7.885901566190822, 1.9486865039802104, 0.49492878764175696, 0.8197140242929651, 1.1162528706503305, 1.0241339431573673, 2.2332763964106723, 0.6373293546755987, 5.4834331079519085, 2.140578353496369, 7.606508239295265], "hatrid": 15.932504471402854, "love": 0.5024305722825321, "voice": [0.8064726319180349, 8.060241646183517, 0.8491629996611615], "memmories": [[[1973, 5, 24, 16, 40, 46], [31.107737959245096, 303.1084301084871]], [[1972, 5, 0, 13, 43, 48], [102.43727319572744, 32.13082472014837]], [[1973, 1, 15, 23, 33, 33], [314.89714303043104, 253.11281683443153]], [[1970, 12, 14, 21, 23, 0], [134.03488683947594, 182.4875339994595]], [[1974, 3, 18, 12, 26, 46], [457.3050935645929, 219.90851596354912]]], "completedMemmories": {}}, "dateAdded": [2022, 10, 21, 14, 52, 9], "halfLife": 63791403550.87028}, {"name": "Mrs. Monica Koepp", "type": 1, "details": {"activity": [0.6707233833128756, 0.6158793039280213, 6.375531059651044, 2.5136408957268914, 4.380836120017534, 7.189718328443746, 9.487630068517085, 3.524792441879294, 8.557400272415912, 7.3942242581258295, 6.667448576053072, 2.8895150114288892], "hatrid": 0.16088159089185705, "love": 0.5411952991987918, "voice": [0.6486761131430188, 13.466630581805024, 0.5587106498027118], "memmories": [[[1973, 1, 29, 20, 21, 58], [200.0925496395824, 122.9229087614676]], [[1988, 4, 7, 17, 29, 44], [158.92258807085986, 246.74508596441228]], [[1990, 10, 13, 13, 59, 22], [93.16475792441311, 376.31063382327585]], [[1964, 7, 4, 17, 46, 29], [92.28218464026591, 292.77375789314226]], [[2012, 9, 22, 7, 36, 35], [423.38116221482215, 328.41887826830236]]], "completedMemmories": {}}, "dateAdded": [2022, 10, 21, 14, 52, 10], "halfLife": 63794930678.3822}, {"name": "Everette Becker", "type": 1, "details": {"activity": [3.3058436833239164, 4.435641716329802, 4.073581527669845, 7.667602243055524, 3.225153827554618, 5.617120523773689, 2.3410112968787935, 8.64494510041255, 8.0086999755357, 0.7142810692723929, 1.9779835775885095, 5.9578233282111706], "hatrid": 0.6409042926452102, "love": 3.377981952700966, "voice": [1.5862748998932874, 5.620530814844775, 0.5154320847525958], "memmories": [[[1997, 4, 2, 11, 16, 47], [323.96634372344704, 37.200213352620544]], [[1996, 7, 1, 22, 33, 5], [363.1212532835307, 97.33951182619082]], [[1996, 11, 21, 12, 59, 6], [340.6424731826517, 0.8117259961361084]], [[1996, 7, 17, 8, 57, 16], [245.40761859956825, 228.34580320005782]], [[2001, 11, 27, 17, 29, 26], [386.7944085431017, 74.19388113677613]]], "completedMemmories": {}}, "dateAdded": [2022, 10, 21, 14, 52, 11], "halfLife": 63796750854.00385}, {"name": "Josefa Herman Jr.", "type": 2, "details": {"activity": [2.5196649882534983, 1.9427005033634401, 2.994031148603329, 1.5973722399735482, 0.015822464201039943, 0.2203937302377843, 0.9605919959652738, 0.5087256221568479, 3.767008268429834, 2.4608448362467628, 0.27851694777892533, 1.3320896910285311], "hatrid": 8.260132954486515, "love": 0.12129129663684193, "voice": [0.3018476932897725, 4.832414950319117, 0.5932150647850164], "memmories": [[[1975, 11, 23, 12, 42, 34], [104.98784463685202, 259.16068584122263]], [[1975, 11, 21, 18, 33, 1], [158.3725360683893, 164.6041291172068]], [[1975, 7, 14, 0, 42, 6], [60.5809515782051, 252.53331165109108]]], "completedMemmories": {}}, "dateAdded": [2022, 10, 21, 14, 52, 12], "halfLife": 63791520457.11256}, {"name": "Linda Pfeffer", "type": 1, "details": {"activity": [1.6128765059199712, 3.0220037675449802, 4.904342818426972, 2.4301199468290324, 4.1612669137885945, 7.727516461003906, 8.834987311205785, 3.628320785939594, 3.539580482281388, 4.8104133924759385, 5.203613358785287, 3.5648554740699305], "hatrid": 4.3820907781523335, "love": 7.600752658021714, "voice": [1.039913633884309, 7.82721308355857, 0.19686571520659513], "memmories": [[[1995, 3, 12, 22, 29, 41], [47.24193282452285, 44.12059693400798]], [[1993, 2, 1, 1, 17, 51], [407.5084750883313, 160.60171889492193]], [[1986, 3, 25, 19, 49, 28], [4.597237743343816, 89.86535928403644]], [[1996, 8, 26, 11, 9, 53], [329.0394264323824, 358.7676833228325]], [[1985, 12, 4, 15, 53, 45], [87.16083431407112, 28.449278001429178]], [[1999, 9, 26, 14, 11, 20], [169.43070495530026, 377.3991052320209]]], "completedMemmories": {}}, "dateAdded": [2022, 10, 21, 14, 52, 13], "halfLife": 63797556711.9899}, {"name": "Andreanne Paucek", "type": 1, "details": {"activity": [2.604408558033804, 1.206479024821429, 5.5437958810939785, 4.312740484050318, 4.256201269265664, 3.78627689909965, 9.938405412000753, 3.058794260647363, 0.41535954114554086, 7.794897150026912, 6.114085256333182, 0.6176966119565055], "hatrid": 8.770812164694327, "love": 5.145940448739075, "voice": [0.4989714850587891, 4.28512027059994, 0.011115654567213529], "memmories": [[[2001, 6, 6, 15, 50, 30], [407.6988389285089, 375.67403397693795]], [[2012, 4, 13, 7, 58, 56], [56.48453470958757, 73.32055867602932]], [[1999, 3, 19, 13, 6, 49], [106.69361103362775, 117.79496689936808]], [[2019, 7, 17, 17, 30, 11], [79.2302248698366, 348.2847560185188]]], "completedMemmories": {}}, "dateAdded": [2022, 10, 21, 14, 52, 13], "halfLife": 63795868613.45062}, {"name": "Charley Mann", "type": 0, "details": {"activity": [5.123225177793023, 0.475724023405224, 2.7133991732564136, 0.9734921689601816, 9.093577526338365, 6.441649226911369, 5.566547394629526, 7.471146666859145, 4.0969982169903645, 9.37659950272333, 5.408767011582287, 6.181046195295906], "hatrid": 0.0, "love": 4.774880256154884, "voice": [1.342622150637125, 11.66265590576824, 0.8144295305054683],