{"list": [{"name": "Mr. Penis", "type": 4, "details": {"activity": [10, 10, 9, 4, 1, 0, 10, 10, 2, 8, 10, 10], "hatrid": 0, "love": 10, "voice": [1.4441737328663464, 8.776564559683385, 0.07029592593583422], "memmories": [[[0, 0, 0, 0, 0, 0], [120, 140]]], "completedMemmories": {}}}, {"name": "Markus Lemke", "type": 0, "details": {"activity": [2.632246255317513, 6.886214924824696, 1.1173199716510007, 3.466711203581534, 8.690539079582171, 6.09924654993378, 2.7432748218245875, 4.70947305736828, 2.566091559486847, 0.9079303080113676, 9.5556288202247, 9.57441796017757], "hatrid": 0.0, "love": 5.480260640404548, "voice": [1.3178680881884794, 5.153254295173989, 0.8456626425313608], "memmories": [[[1991, 2, 20, 21, 44, 36], [331.2484911898244, 267.15059883901887]], [[1991, 5, 26, 7, 44, 0], [76.19352350832715, 360.434590214716]], [[1991, 11, 29, 21, 32, 31], [164.64168092223846, 77.79296929468138]], [[1991, 7, 4, 20, 59, 3], [210.46405212420729, 34.00202114673739]], [[1991, 7, 14, 12, 30, 53], [31.22257449319828, 124.44701752634589]], [[1991, 5, 21, 23, 22, 19], [108.8663360674381, 132.49458921567057]], [[1991, 4, 26, 4, 50, 22], [420.31036472238213, 33.587010945866595]]], "completedMemmories": {}}, "dateAdded": [2022, 9, 19, 11, 37, 41], "halfLife": 63792342510.198074}]}